--
-- PostgreSQL database dump
--

-- Dumped from database version 15.0 (Debian 15.0-1.pgdg110+1)
-- Dumped by pg_dump version 15.0 (Debian 15.0-1.pgdg110+1)

SET statement_timeout = 0;
SET lock_timeout = 0;
SET idle_in_transaction_session_timeout = 0;
SET client_encoding = 'UTF8';
SET standard_conforming_strings = on;
SELECT pg_catalog.set_config('search_path', '', false);
SET check_function_bodies = false;
SET xmloption = content;
SET client_min_messages = warning;
SET row_security = off;

SET default_tablespace = '';

SET default_table_access_method = heap;

--
-- Name: auth_group; Type: TABLE; Schema: public; Owner: totolastico
--

CREATE TABLE public.auth_group (
    id integer NOT NULL,
    name character varying(150) NOT NULL
);


ALTER TABLE public.auth_group OWNER TO totolastico;

--
-- Name: auth_group_id_seq; Type: SEQUENCE; Schema: public; Owner: totolastico
--

ALTER TABLE public.auth_group ALTER COLUMN id ADD GENERATED BY DEFAULT AS IDENTITY (
    SEQUENCE NAME public.auth_group_id_seq
    START WITH 1
    INCREMENT BY 1
    NO MINVALUE
    NO MAXVALUE
    CACHE 1
);


--
-- Name: auth_group_permissions; Type: TABLE; Schema: public; Owner: totolastico
--

CREATE TABLE public.auth_group_permissions (
    id bigint NOT NULL,
    group_id integer NOT NULL,
    permission_id integer NOT NULL
);


ALTER TABLE public.auth_group_permissions OWNER TO totolastico;

--
-- Name: auth_group_permissions_id_seq; Type: SEQUENCE; Schema: public; Owner: totolastico
--

ALTER TABLE public.auth_group_permissions ALTER COLUMN id ADD GENERATED BY DEFAULT AS IDENTITY (
    SEQUENCE NAME public.auth_group_permissions_id_seq
    START WITH 1
    INCREMENT BY 1
    NO MINVALUE
    NO MAXVALUE
    CACHE 1
);


--
-- Name: auth_permission; Type: TABLE; Schema: public; Owner: totolastico
--

CREATE TABLE public.auth_permission (
    id integer NOT NULL,
    name character varying(255) NOT NULL,
    content_type_id integer NOT NULL,
    codename character varying(100) NOT NULL
);


ALTER TABLE public.auth_permission OWNER TO totolastico;

--
-- Name: auth_permission_id_seq; Type: SEQUENCE; Schema: public; Owner: totolastico
--

ALTER TABLE public.auth_permission ALTER COLUMN id ADD GENERATED BY DEFAULT AS IDENTITY (
    SEQUENCE NAME public.auth_permission_id_seq
    START WITH 1
    INCREMENT BY 1
    NO MINVALUE
    NO MAXVALUE
    CACHE 1
);


--
-- Name: auth_user; Type: TABLE; Schema: public; Owner: totolastico
--

CREATE TABLE public.auth_user (
    id integer NOT NULL,
    password character varying(128) NOT NULL,
    last_login timestamp with time zone,
    is_superuser boolean NOT NULL,
    username character varying(150) NOT NULL,
    first_name character varying(150) NOT NULL,
    last_name character varying(150) NOT NULL,
    email character varying(254) NOT NULL,
    is_staff boolean NOT NULL,
    is_active boolean NOT NULL,
    date_joined timestamp with time zone NOT NULL
);


ALTER TABLE public.auth_user OWNER TO totolastico;

--
-- Name: auth_user_groups; Type: TABLE; Schema: public; Owner: totolastico
--

CREATE TABLE public.auth_user_groups (
    id bigint NOT NULL,
    user_id integer NOT NULL,
    group_id integer NOT NULL
);


ALTER TABLE public.auth_user_groups OWNER TO totolastico;

--
-- Name: auth_user_groups_id_seq; Type: SEQUENCE; Schema: public; Owner: totolastico
--

ALTER TABLE public.auth_user_groups ALTER COLUMN id ADD GENERATED BY DEFAULT AS IDENTITY (
    SEQUENCE NAME public.auth_user_groups_id_seq
    START WITH 1
    INCREMENT BY 1
    NO MINVALUE
    NO MAXVALUE
    CACHE 1
);


--
-- Name: auth_user_id_seq; Type: SEQUENCE; Schema: public; Owner: totolastico
--

ALTER TABLE public.auth_user ALTER COLUMN id ADD GENERATED BY DEFAULT AS IDENTITY (
    SEQUENCE NAME public.auth_user_id_seq
    START WITH 1
    INCREMENT BY 1
    NO MINVALUE
    NO MAXVALUE
    CACHE 1
);


--
-- Name: auth_user_user_permissions; Type: TABLE; Schema: public; Owner: totolastico
--

CREATE TABLE public.auth_user_user_permissions (
    id bigint NOT NULL,
    user_id integer NOT NULL,
    permission_id integer NOT NULL
);


ALTER TABLE public.auth_user_user_permissions OWNER TO totolastico;

--
-- Name: auth_user_user_permissions_id_seq; Type: SEQUENCE; Schema: public; Owner: totolastico
--

ALTER TABLE public.auth_user_user_permissions ALTER COLUMN id ADD GENERATED BY DEFAULT AS IDENTITY (
    SEQUENCE NAME public.auth_user_user_permissions_id_seq
    START WITH 1
    INCREMENT BY 1
    NO MINVALUE
    NO MAXVALUE
    CACHE 1
);


--
-- Name: django_admin_log; Type: TABLE; Schema: public; Owner: totolastico
--

CREATE TABLE public.django_admin_log (
    id integer NOT NULL,
    action_time timestamp with time zone NOT NULL,
    object_id text,
    object_repr character varying(200) NOT NULL,
    action_flag smallint NOT NULL,
    change_message text NOT NULL,
    content_type_id integer,
    user_id integer NOT NULL,
    CONSTRAINT django_admin_log_action_flag_check CHECK ((action_flag >= 0))
);


ALTER TABLE public.django_admin_log OWNER TO totolastico;

--
-- Name: django_admin_log_id_seq; Type: SEQUENCE; Schema: public; Owner: totolastico
--

ALTER TABLE public.django_admin_log ALTER COLUMN id ADD GENERATED BY DEFAULT AS IDENTITY (
    SEQUENCE NAME public.django_admin_log_id_seq
    START WITH 1
    INCREMENT BY 1
    NO MINVALUE
    NO MAXVALUE
    CACHE 1
);


--
-- Name: django_content_type; Type: TABLE; Schema: public; Owner: totolastico
--

CREATE TABLE public.django_content_type (
    id integer NOT NULL,
    app_label character varying(100) NOT NULL,
    model character varying(100) NOT NULL
);


ALTER TABLE public.django_content_type OWNER TO totolastico;

--
-- Name: django_content_type_id_seq; Type: SEQUENCE; Schema: public; Owner: totolastico
--

ALTER TABLE public.django_content_type ALTER COLUMN id ADD GENERATED BY DEFAULT AS IDENTITY (
    SEQUENCE NAME public.django_content_type_id_seq
    START WITH 1
    INCREMENT BY 1
    NO MINVALUE
    NO MAXVALUE
    CACHE 1
);


--
-- Name: django_migrations; Type: TABLE; Schema: public; Owner: totolastico
--

CREATE TABLE public.django_migrations (
    id bigint NOT NULL,
    app character varying(255) NOT NULL,
    name character varying(255) NOT NULL,
    applied timestamp with time zone NOT NULL
);


ALTER TABLE public.django_migrations OWNER TO totolastico;

--
-- Name: django_migrations_id_seq; Type: SEQUENCE; Schema: public; Owner: totolastico
--

ALTER TABLE public.django_migrations ALTER COLUMN id ADD GENERATED BY DEFAULT AS IDENTITY (
    SEQUENCE NAME public.django_migrations_id_seq
    START WITH 1
    INCREMENT BY 1
    NO MINVALUE
    NO MAXVALUE
    CACHE 1
);


--
-- Name: django_session; Type: TABLE; Schema: public; Owner: totolastico
--

CREATE TABLE public.django_session (
    session_key character varying(40) NOT NULL,
    session_data text NOT NULL,
    expire_date timestamp with time zone NOT NULL
);


ALTER TABLE public.django_session OWNER TO totolastico;

--
-- Name: movie_app_actor; Type: TABLE; Schema: public; Owner: totolastico
--

CREATE TABLE public.movie_app_actor (
    id bigint NOT NULL,
    first_name character varying(15) NOT NULL,
    last_name character varying(15) NOT NULL
);


ALTER TABLE public.movie_app_actor OWNER TO totolastico;

--
-- Name: movie_app_actor_id_seq; Type: SEQUENCE; Schema: public; Owner: totolastico
--

ALTER TABLE public.movie_app_actor ALTER COLUMN id ADD GENERATED BY DEFAULT AS IDENTITY (
    SEQUENCE NAME public.movie_app_actor_id_seq
    START WITH 1
    INCREMENT BY 1
    NO MINVALUE
    NO MAXVALUE
    CACHE 1
);


--
-- Name: movie_app_movie; Type: TABLE; Schema: public; Owner: totolastico
--

CREATE TABLE public.movie_app_movie (
    id bigint NOT NULL,
    title character varying(45) NOT NULL,
    description text NOT NULL
);


ALTER TABLE public.movie_app_movie OWNER TO totolastico;

--
-- Name: movie_app_movie_actors; Type: TABLE; Schema: public; Owner: totolastico
--

CREATE TABLE public.movie_app_movie_actors (
    id bigint NOT NULL,
    movie_id bigint NOT NULL,
    actor_id bigint NOT NULL
);


ALTER TABLE public.movie_app_movie_actors OWNER TO totolastico;

--
-- Name: movie_app_movie_actors_id_seq; Type: SEQUENCE; Schema: public; Owner: totolastico
--

ALTER TABLE public.movie_app_movie_actors ALTER COLUMN id ADD GENERATED BY DEFAULT AS IDENTITY (
    SEQUENCE NAME public.movie_app_movie_actors_id_seq
    START WITH 1
    INCREMENT BY 1
    NO MINVALUE
    NO MAXVALUE
    CACHE 1
);


--
-- Name: movie_app_movie_id_seq; Type: SEQUENCE; Schema: public; Owner: totolastico
--

ALTER TABLE public.movie_app_movie ALTER COLUMN id ADD GENERATED BY DEFAULT AS IDENTITY (
    SEQUENCE NAME public.movie_app_movie_id_seq
    START WITH 1
    INCREMENT BY 1
    NO MINVALUE
    NO MAXVALUE
    CACHE 1
);


--
-- Name: movie_app_review; Type: TABLE; Schema: public; Owner: totolastico
--

CREATE TABLE public.movie_app_review (
    id bigint NOT NULL,
    grade integer NOT NULL,
    movie_id bigint NOT NULL
);


ALTER TABLE public.movie_app_review OWNER TO totolastico;

--
-- Name: movie_app_review_id_seq; Type: SEQUENCE; Schema: public; Owner: totolastico
--

ALTER TABLE public.movie_app_review ALTER COLUMN id ADD GENERATED BY DEFAULT AS IDENTITY (
    SEQUENCE NAME public.movie_app_review_id_seq
    START WITH 1
    INCREMENT BY 1
    NO MINVALUE
    NO MAXVALUE
    CACHE 1
);


--
-- Data for Name: auth_group; Type: TABLE DATA; Schema: public; Owner: totolastico
--

COPY public.auth_group (id, name) FROM stdin;
\.


--
-- Data for Name: auth_group_permissions; Type: TABLE DATA; Schema: public; Owner: totolastico
--

COPY public.auth_group_permissions (id, group_id, permission_id) FROM stdin;
\.


--
-- Data for Name: auth_permission; Type: TABLE DATA; Schema: public; Owner: totolastico
--

COPY public.auth_permission (id, name, content_type_id, codename) FROM stdin;
1	Can add log entry	1	add_logentry
2	Can change log entry	1	change_logentry
3	Can delete log entry	1	delete_logentry
4	Can view log entry	1	view_logentry
5	Can add permission	2	add_permission
6	Can change permission	2	change_permission
7	Can delete permission	2	delete_permission
8	Can view permission	2	view_permission
9	Can add group	3	add_group
10	Can change group	3	change_group
11	Can delete group	3	delete_group
12	Can view group	3	view_group
13	Can add user	4	add_user
14	Can change user	4	change_user
15	Can delete user	4	delete_user
16	Can view user	4	view_user
17	Can add content type	5	add_contenttype
18	Can change content type	5	change_contenttype
19	Can delete content type	5	delete_contenttype
20	Can view content type	5	view_contenttype
21	Can add session	6	add_session
22	Can change session	6	change_session
23	Can delete session	6	delete_session
24	Can view session	6	view_session
25	Can add actor	7	add_actor
26	Can change actor	7	change_actor
27	Can delete actor	7	delete_actor
28	Can view actor	7	view_actor
29	Can add movie	8	add_movie
30	Can change movie	8	change_movie
31	Can delete movie	8	delete_movie
32	Can view movie	8	view_movie
33	Can add review	9	add_review
34	Can change review	9	change_review
35	Can delete review	9	delete_review
36	Can view review	9	view_review
\.


--
-- Data for Name: auth_user; Type: TABLE DATA; Schema: public; Owner: totolastico
--

COPY public.auth_user (id, password, last_login, is_superuser, username, first_name, last_name, email, is_staff, is_active, date_joined) FROM stdin;
\.


--
-- Data for Name: auth_user_groups; Type: TABLE DATA; Schema: public; Owner: totolastico
--

COPY public.auth_user_groups (id, user_id, group_id) FROM stdin;
\.


--
-- Data for Name: auth_user_user_permissions; Type: TABLE DATA; Schema: public; Owner: totolastico
--

COPY public.auth_user_user_permissions (id, user_id, permission_id) FROM stdin;
\.


--
-- Data for Name: django_admin_log; Type: TABLE DATA; Schema: public; Owner: totolastico
--

COPY public.django_admin_log (id, action_time, object_id, object_repr, action_flag, change_message, content_type_id, user_id) FROM stdin;
\.


--
-- Data for Name: django_content_type; Type: TABLE DATA; Schema: public; Owner: totolastico
--

COPY public.django_content_type (id, app_label, model) FROM stdin;
1	admin	logentry
2	auth	permission
3	auth	group
4	auth	user
5	contenttypes	contenttype
6	sessions	session
7	movie_app	actor
8	movie_app	movie
9	movie_app	review
\.


--
-- Data for Name: django_migrations; Type: TABLE DATA; Schema: public; Owner: totolastico
--

COPY public.django_migrations (id, app, name, applied) FROM stdin;
1	contenttypes	0001_initial	2022-11-06 13:56:46.060568+00
2	auth	0001_initial	2022-11-06 13:56:46.218217+00
3	admin	0001_initial	2022-11-06 13:56:46.25584+00
4	admin	0002_logentry_remove_auto_add	2022-11-06 13:56:46.267001+00
5	admin	0003_logentry_add_action_flag_choices	2022-11-06 13:56:46.27788+00
6	contenttypes	0002_remove_content_type_name	2022-11-06 13:56:46.298575+00
7	auth	0002_alter_permission_name_max_length	2022-11-06 13:56:46.310659+00
8	auth	0003_alter_user_email_max_length	2022-11-06 13:56:46.323069+00
9	auth	0004_alter_user_username_opts	2022-11-06 13:56:46.334453+00
10	auth	0005_alter_user_last_login_null	2022-11-06 13:56:46.348338+00
11	auth	0006_require_contenttypes_0002	2022-11-06 13:56:46.352895+00
12	auth	0007_alter_validators_add_error_messages	2022-11-06 13:56:46.360963+00
13	auth	0008_alter_user_username_max_length	2022-11-06 13:56:46.376523+00
14	auth	0009_alter_user_last_name_max_length	2022-11-06 13:56:46.387904+00
15	auth	0010_alter_group_name_max_length	2022-11-06 13:56:46.39932+00
16	auth	0011_update_proxy_permissions	2022-11-06 13:56:46.409516+00
17	auth	0012_alter_user_first_name_max_length	2022-11-06 13:56:46.42069+00
18	movie_app	0001_initial	2022-11-06 13:56:46.504649+00
19	sessions	0001_initial	2022-11-06 13:56:46.537952+00
20	movie_app	0002_alter_review_movie	2022-11-08 15:19:53.173426+00
21	movie_app	0003_alter_review_grade	2022-11-08 15:19:53.179989+00
\.


--
-- Data for Name: django_session; Type: TABLE DATA; Schema: public; Owner: totolastico
--

COPY public.django_session (session_key, session_data, expire_date) FROM stdin;
\.


--
-- Data for Name: movie_app_actor; Type: TABLE DATA; Schema: public; Owner: totolastico
--

COPY public.movie_app_actor (id, first_name, last_name) FROM stdin;
1	dad	zadazdzadz
2	refgegfreg	trgrtgerefref
\.


--
-- Data for Name: movie_app_movie; Type: TABLE DATA; Schema: public; Owner: totolastico
--

COPY public.movie_app_movie (id, title, description) FROM stdin;
1	regfef	erfrefefe
2	regfefererfre	erfrefefeefrfrefrefer
3	zefrfre	frzefrefre
4	Pdedezdzejdfjzedfzeldfnze	dedededededede
5	dAdezdzedzed	dedededededede
6	Pdfezlkfnzef,zef	dedededededede
7	Pdfezlkzefzef,zef	dedededededede
25	fzrefergrefr	dedededededede
8	regf'trefdscrefgrfgrefrefref	dedededededede
9	refrg'étzerfdaezfazfzref	dedededededede
10	poiutyrgfvdytrgb	dedededededede
11	iuiyjhtgfdsc	dedededededede
12	gfdfgtrhrgfdsgrergf	dedededededede
13	ouiythgfbdv	dedededededede
14	kjhgfrergtyjy	dedededededede
15	vferfgverfvdrefd	dedededededede
16	ver vndl,fmerefrvfe	dedededededede
17	mlkjhhjhb kn,k	dedededededede
18	cnvjrznd kmzej,kcfmldscdsc	dedededededede
19	mlkn, bisfjnvd,ck;sdszx	dedededededede
20	^mlkjhbdjfnvksdqscvf	dedededededede
21	efzfezfzefzefPdfezdzedzedezdczdczedezd	dedededededede
22	jkhgfdsfdgfhgj	dedededededede
23	bvccfc	dedededededede
24	cdceddce	dedededededede
\.


--
-- Data for Name: movie_app_movie_actors; Type: TABLE DATA; Schema: public; Owner: totolastico
--

COPY public.movie_app_movie_actors (id, movie_id, actor_id) FROM stdin;
1	1	1
2	2	1
3	2	2
4	3	2
5	4	1
6	5	1
7	6	1
8	7	1
9	4	2
10	5	2
11	6	2
12	7	2
13	8	2
14	9	2
15	10	2
16	11	2
17	12	2
18	13	2
19	14	2
20	15	2
21	16	2
22	17	2
23	18	2
24	19	2
25	20	2
26	21	2
27	22	2
28	23	2
29	24	2
\.


--
-- Data for Name: movie_app_review; Type: TABLE DATA; Schema: public; Owner: totolastico
--

COPY public.movie_app_review (id, grade, movie_id) FROM stdin;
1	5	1
2	4	2
3	2	3
\.


--
-- Name: auth_group_id_seq; Type: SEQUENCE SET; Schema: public; Owner: totolastico
--

SELECT pg_catalog.setval('public.auth_group_id_seq', 1, false);


--
-- Name: auth_group_permissions_id_seq; Type: SEQUENCE SET; Schema: public; Owner: totolastico
--

SELECT pg_catalog.setval('public.auth_group_permissions_id_seq', 1, false);


--
-- Name: auth_permission_id_seq; Type: SEQUENCE SET; Schema: public; Owner: totolastico
--

SELECT pg_catalog.setval('public.auth_permission_id_seq', 36, true);


--
-- Name: auth_user_groups_id_seq; Type: SEQUENCE SET; Schema: public; Owner: totolastico
--

SELECT pg_catalog.setval('public.auth_user_groups_id_seq', 1, false);


--
-- Name: auth_user_id_seq; Type: SEQUENCE SET; Schema: public; Owner: totolastico
--

SELECT pg_catalog.setval('public.auth_user_id_seq', 1, false);


--
-- Name: auth_user_user_permissions_id_seq; Type: SEQUENCE SET; Schema: public; Owner: totolastico
--

SELECT pg_catalog.setval('public.auth_user_user_permissions_id_seq', 1, false);


--
-- Name: django_admin_log_id_seq; Type: SEQUENCE SET; Schema: public; Owner: totolastico
--

SELECT pg_catalog.setval('public.django_admin_log_id_seq', 1, false);


--
-- Name: django_content_type_id_seq; Type: SEQUENCE SET; Schema: public; Owner: totolastico
--

SELECT pg_catalog.setval('public.django_content_type_id_seq', 9, true);


--
-- Name: django_migrations_id_seq; Type: SEQUENCE SET; Schema: public; Owner: totolastico
--

SELECT pg_catalog.setval('public.django_migrations_id_seq', 21, true);


--
-- Name: movie_app_actor_id_seq; Type: SEQUENCE SET; Schema: public; Owner: totolastico
--

SELECT pg_catalog.setval('public.movie_app_actor_id_seq', 2, true);


--
-- Name: movie_app_movie_actors_id_seq; Type: SEQUENCE SET; Schema: public; Owner: totolastico
--

SELECT pg_catalog.setval('public.movie_app_movie_actors_id_seq', 29, true);


--
-- Name: movie_app_movie_id_seq; Type: SEQUENCE SET; Schema: public; Owner: totolastico
--

SELECT pg_catalog.setval('public.movie_app_movie_id_seq', 25, true);


--
-- Name: movie_app_review_id_seq; Type: SEQUENCE SET; Schema: public; Owner: totolastico
--

SELECT pg_catalog.setval('public.movie_app_review_id_seq', 3, true);


--
-- Name: auth_group auth_group_name_key; Type: CONSTRAINT; Schema: public; Owner: totolastico
--

ALTER TABLE ONLY public.auth_group
    ADD CONSTRAINT auth_group_name_key UNIQUE (name);


--
-- Name: auth_group_permissions auth_group_permissions_group_id_permission_id_0cd325b0_uniq; Type: CONSTRAINT; Schema: public; Owner: totolastico
--

ALTER TABLE ONLY public.auth_group_permissions
    ADD CONSTRAINT auth_group_permissions_group_id_permission_id_0cd325b0_uniq UNIQUE (group_id, permission_id);


--
-- Name: auth_group_permissions auth_group_permissions_pkey; Type: CONSTRAINT; Schema: public; Owner: totolastico
--

ALTER TABLE ONLY public.auth_group_permissions
    ADD CONSTRAINT auth_group_permissions_pkey PRIMARY KEY (id);


--
-- Name: auth_group auth_group_pkey; Type: CONSTRAINT; Schema: public; Owner: totolastico
--

ALTER TABLE ONLY public.auth_group
    ADD CONSTRAINT auth_group_pkey PRIMARY KEY (id);


--
-- Name: auth_permission auth_permission_content_type_id_codename_01ab375a_uniq; Type: CONSTRAINT; Schema: public; Owner: totolastico
--

ALTER TABLE ONLY public.auth_permission
    ADD CONSTRAINT auth_permission_content_type_id_codename_01ab375a_uniq UNIQUE (content_type_id, codename);


--
-- Name: auth_permission auth_permission_pkey; Type: CONSTRAINT; Schema: public; Owner: totolastico
--

ALTER TABLE ONLY public.auth_permission
    ADD CONSTRAINT auth_permission_pkey PRIMARY KEY (id);


--
-- Name: auth_user_groups auth_user_groups_pkey; Type: CONSTRAINT; Schema: public; Owner: totolastico
--

ALTER TABLE ONLY public.auth_user_groups
    ADD CONSTRAINT auth_user_groups_pkey PRIMARY KEY (id);


--
-- Name: auth_user_groups auth_user_groups_user_id_group_id_94350c0c_uniq; Type: CONSTRAINT; Schema: public; Owner: totolastico
--

ALTER TABLE ONLY public.auth_user_groups
    ADD CONSTRAINT auth_user_groups_user_id_group_id_94350c0c_uniq UNIQUE (user_id, group_id);


--
-- Name: auth_user auth_user_pkey; Type: CONSTRAINT; Schema: public; Owner: totolastico
--

ALTER TABLE ONLY public.auth_user
    ADD CONSTRAINT auth_user_pkey PRIMARY KEY (id);


--
-- Name: auth_user_user_permissions auth_user_user_permissions_pkey; Type: CONSTRAINT; Schema: public; Owner: totolastico
--

ALTER TABLE ONLY public.auth_user_user_permissions
    ADD CONSTRAINT auth_user_user_permissions_pkey PRIMARY KEY (id);


--
-- Name: auth_user_user_permissions auth_user_user_permissions_user_id_permission_id_14a6b632_uniq; Type: CONSTRAINT; Schema: public; Owner: totolastico
--

ALTER TABLE ONLY public.auth_user_user_permissions
    ADD CONSTRAINT auth_user_user_permissions_user_id_permission_id_14a6b632_uniq UNIQUE (user_id, permission_id);


--
-- Name: auth_user auth_user_username_key; Type: CONSTRAINT; Schema: public; Owner: totolastico
--

ALTER TABLE ONLY public.auth_user
    ADD CONSTRAINT auth_user_username_key UNIQUE (username);


--
-- Name: django_admin_log django_admin_log_pkey; Type: CONSTRAINT; Schema: public; Owner: totolastico
--

ALTER TABLE ONLY public.django_admin_log
    ADD CONSTRAINT django_admin_log_pkey PRIMARY KEY (id);


--
-- Name: django_content_type django_content_type_app_label_model_76bd3d3b_uniq; Type: CONSTRAINT; Schema: public; Owner: totolastico
--

ALTER TABLE ONLY public.django_content_type
    ADD CONSTRAINT django_content_type_app_label_model_76bd3d3b_uniq UNIQUE (app_label, model);


--
-- Name: django_content_type django_content_type_pkey; Type: CONSTRAINT; Schema: public; Owner: totolastico
--

ALTER TABLE ONLY public.django_content_type
    ADD CONSTRAINT django_content_type_pkey PRIMARY KEY (id);


--
-- Name: django_migrations django_migrations_pkey; Type: CONSTRAINT; Schema: public; Owner: totolastico
--

ALTER TABLE ONLY public.django_migrations
    ADD CONSTRAINT django_migrations_pkey PRIMARY KEY (id);


--
-- Name: django_session django_session_pkey; Type: CONSTRAINT; Schema: public; Owner: totolastico
--

ALTER TABLE ONLY public.django_session
    ADD CONSTRAINT django_session_pkey PRIMARY KEY (session_key);


--
-- Name: movie_app_actor movie_app_actor_pkey; Type: CONSTRAINT; Schema: public; Owner: totolastico
--

ALTER TABLE ONLY public.movie_app_actor
    ADD CONSTRAINT movie_app_actor_pkey PRIMARY KEY (id);


--
-- Name: movie_app_movie_actors movie_app_movie_actors_movie_id_actor_id_991f1d37_uniq; Type: CONSTRAINT; Schema: public; Owner: totolastico
--

ALTER TABLE ONLY public.movie_app_movie_actors
    ADD CONSTRAINT movie_app_movie_actors_movie_id_actor_id_991f1d37_uniq UNIQUE (movie_id, actor_id);


--
-- Name: movie_app_movie_actors movie_app_movie_actors_pkey; Type: CONSTRAINT; Schema: public; Owner: totolastico
--

ALTER TABLE ONLY public.movie_app_movie_actors
    ADD CONSTRAINT movie_app_movie_actors_pkey PRIMARY KEY (id);


--
-- Name: movie_app_movie movie_app_movie_pkey; Type: CONSTRAINT; Schema: public; Owner: totolastico
--

ALTER TABLE ONLY public.movie_app_movie
    ADD CONSTRAINT movie_app_movie_pkey PRIMARY KEY (id);


--
-- Name: movie_app_review movie_app_review_pkey; Type: CONSTRAINT; Schema: public; Owner: totolastico
--

ALTER TABLE ONLY public.movie_app_review
    ADD CONSTRAINT movie_app_review_pkey PRIMARY KEY (id);


--
-- Name: auth_group_name_a6ea08ec_like; Type: INDEX; Schema: public; Owner: totolastico
--

CREATE INDEX auth_group_name_a6ea08ec_like ON public.auth_group USING btree (name varchar_pattern_ops);


--
-- Name: auth_group_permissions_group_id_b120cbf9; Type: INDEX; Schema: public; Owner: totolastico
--

CREATE INDEX auth_group_permissions_group_id_b120cbf9 ON public.auth_group_permissions USING btree (group_id);


--
-- Name: auth_group_permissions_permission_id_84c5c92e; Type: INDEX; Schema: public; Owner: totolastico
--

CREATE INDEX auth_group_permissions_permission_id_84c5c92e ON public.auth_group_permissions USING btree (permission_id);


--
-- Name: auth_permission_content_type_id_2f476e4b; Type: INDEX; Schema: public; Owner: totolastico
--

CREATE INDEX auth_permission_content_type_id_2f476e4b ON public.auth_permission USING btree (content_type_id);


--
-- Name: auth_user_groups_group_id_97559544; Type: INDEX; Schema: public; Owner: totolastico
--

CREATE INDEX auth_user_groups_group_id_97559544 ON public.auth_user_groups USING btree (group_id);


--
-- Name: auth_user_groups_user_id_6a12ed8b; Type: INDEX; Schema: public; Owner: totolastico
--

CREATE INDEX auth_user_groups_user_id_6a12ed8b ON public.auth_user_groups USING btree (user_id);


--
-- Name: auth_user_user_permissions_permission_id_1fbb5f2c; Type: INDEX; Schema: public; Owner: totolastico
--

CREATE INDEX auth_user_user_permissions_permission_id_1fbb5f2c ON public.auth_user_user_permissions USING btree (permission_id);


--
-- Name: auth_user_user_permissions_user_id_a95ead1b; Type: INDEX; Schema: public; Owner: totolastico
--

CREATE INDEX auth_user_user_permissions_user_id_a95ead1b ON public.auth_user_user_permissions USING btree (user_id);


--
-- Name: auth_user_username_6821ab7c_like; Type: INDEX; Schema: public; Owner: totolastico
--

CREATE INDEX auth_user_username_6821ab7c_like ON public.auth_user USING btree (username varchar_pattern_ops);


--
-- Name: django_admin_log_content_type_id_c4bce8eb; Type: INDEX; Schema: public; Owner: totolastico
--

CREATE INDEX django_admin_log_content_type_id_c4bce8eb ON public.django_admin_log USING btree (content_type_id);


--
-- Name: django_admin_log_user_id_c564eba6; Type: INDEX; Schema: public; Owner: totolastico
--

CREATE INDEX django_admin_log_user_id_c564eba6 ON public.django_admin_log USING btree (user_id);


--
-- Name: django_session_expire_date_a5c62663; Type: INDEX; Schema: public; Owner: totolastico
--

CREATE INDEX django_session_expire_date_a5c62663 ON public.django_session USING btree (expire_date);


--
-- Name: django_session_session_key_c0390e0f_like; Type: INDEX; Schema: public; Owner: totolastico
--

CREATE INDEX django_session_session_key_c0390e0f_like ON public.django_session USING btree (session_key varchar_pattern_ops);


--
-- Name: movie_app_movie_actors_actor_id_ebce2ccb; Type: INDEX; Schema: public; Owner: totolastico
--

CREATE INDEX movie_app_movie_actors_actor_id_ebce2ccb ON public.movie_app_movie_actors USING btree (actor_id);


--
-- Name: movie_app_movie_actors_movie_id_036d8519; Type: INDEX; Schema: public; Owner: totolastico
--

CREATE INDEX movie_app_movie_actors_movie_id_036d8519 ON public.movie_app_movie_actors USING btree (movie_id);


--
-- Name: movie_app_review_movie_id_431a3214; Type: INDEX; Schema: public; Owner: totolastico
--

CREATE INDEX movie_app_review_movie_id_431a3214 ON public.movie_app_review USING btree (movie_id);


--
-- Name: auth_group_permissions auth_group_permissio_permission_id_84c5c92e_fk_auth_perm; Type: FK CONSTRAINT; Schema: public; Owner: totolastico
--

ALTER TABLE ONLY public.auth_group_permissions
    ADD CONSTRAINT auth_group_permissio_permission_id_84c5c92e_fk_auth_perm FOREIGN KEY (permission_id) REFERENCES public.auth_permission(id) DEFERRABLE INITIALLY DEFERRED;


--
-- Name: auth_group_permissions auth_group_permissions_group_id_b120cbf9_fk_auth_group_id; Type: FK CONSTRAINT; Schema: public; Owner: totolastico
--

ALTER TABLE ONLY public.auth_group_permissions
    ADD CONSTRAINT auth_group_permissions_group_id_b120cbf9_fk_auth_group_id FOREIGN KEY (group_id) REFERENCES public.auth_group(id) DEFERRABLE INITIALLY DEFERRED;


--
-- Name: auth_permission auth_permission_content_type_id_2f476e4b_fk_django_co; Type: FK CONSTRAINT; Schema: public; Owner: totolastico
--

ALTER TABLE ONLY public.auth_permission
    ADD CONSTRAINT auth_permission_content_type_id_2f476e4b_fk_django_co FOREIGN KEY (content_type_id) REFERENCES public.django_content_type(id) DEFERRABLE INITIALLY DEFERRED;


--
-- Name: auth_user_groups auth_user_groups_group_id_97559544_fk_auth_group_id; Type: FK CONSTRAINT; Schema: public; Owner: totolastico
--

ALTER TABLE ONLY public.auth_user_groups
    ADD CONSTRAINT auth_user_groups_group_id_97559544_fk_auth_group_id FOREIGN KEY (group_id) REFERENCES public.auth_group(id) DEFERRABLE INITIALLY DEFERRED;


--
-- Name: auth_user_groups auth_user_groups_user_id_6a12ed8b_fk_auth_user_id; Type: FK CONSTRAINT; Schema: public; Owner: totolastico
--

ALTER TABLE ONLY public.auth_user_groups
    ADD CONSTRAINT auth_user_groups_user_id_6a12ed8b_fk_auth_user_id FOREIGN KEY (user_id) REFERENCES public.auth_user(id) DEFERRABLE INITIALLY DEFERRED;


--
-- Name: auth_user_user_permissions auth_user_user_permi_permission_id_1fbb5f2c_fk_auth_perm; Type: FK CONSTRAINT; Schema: public; Owner: totolastico
--

ALTER TABLE ONLY public.auth_user_user_permissions
    ADD CONSTRAINT auth_user_user_permi_permission_id_1fbb5f2c_fk_auth_perm FOREIGN KEY (permission_id) REFERENCES public.auth_permission(id) DEFERRABLE INITIALLY DEFERRED;


--
-- Name: auth_user_user_permissions auth_user_user_permissions_user_id_a95ead1b_fk_auth_user_id; Type: FK CONSTRAINT; Schema: public; Owner: totolastico
--

ALTER TABLE ONLY public.auth_user_user_permissions
    ADD CONSTRAINT auth_user_user_permissions_user_id_a95ead1b_fk_auth_user_id FOREIGN KEY (user_id) REFERENCES public.auth_user(id) DEFERRABLE INITIALLY DEFERRED;


--
-- Name: django_admin_log django_admin_log_content_type_id_c4bce8eb_fk_django_co; Type: FK CONSTRAINT; Schema: public; Owner: totolastico
--

ALTER TABLE ONLY public.django_admin_log
    ADD CONSTRAINT django_admin_log_content_type_id_c4bce8eb_fk_django_co FOREIGN KEY (content_type_id) REFERENCES public.django_content_type(id) DEFERRABLE INITIALLY DEFERRED;


--
-- Name: django_admin_log django_admin_log_user_id_c564eba6_fk_auth_user_id; Type: FK CONSTRAINT; Schema: public; Owner: totolastico
--

ALTER TABLE ONLY public.django_admin_log
    ADD CONSTRAINT django_admin_log_user_id_c564eba6_fk_auth_user_id FOREIGN KEY (user_id) REFERENCES public.auth_user(id) DEFERRABLE INITIALLY DEFERRED;


--
-- Name: movie_app_movie_actors movie_app_movie_actors_actor_id_ebce2ccb_fk_movie_app_actor_id; Type: FK CONSTRAINT; Schema: public; Owner: totolastico
--

ALTER TABLE ONLY public.movie_app_movie_actors
    ADD CONSTRAINT movie_app_movie_actors_actor_id_ebce2ccb_fk_movie_app_actor_id FOREIGN KEY (actor_id) REFERENCES public.movie_app_actor(id) DEFERRABLE INITIALLY DEFERRED;


--
-- Name: movie_app_movie_actors movie_app_movie_actors_movie_id_036d8519_fk_movie_app_movie_id; Type: FK CONSTRAINT; Schema: public; Owner: totolastico
--

ALTER TABLE ONLY public.movie_app_movie_actors
    ADD CONSTRAINT movie_app_movie_actors_movie_id_036d8519_fk_movie_app_movie_id FOREIGN KEY (movie_id) REFERENCES public.movie_app_movie(id) DEFERRABLE INITIALLY DEFERRED;


--
-- Name: movie_app_review movie_app_review_movie_id_431a3214_fk_movie_app_movie_id; Type: FK CONSTRAINT; Schema: public; Owner: totolastico
--

ALTER TABLE ONLY public.movie_app_review
    ADD CONSTRAINT movie_app_review_movie_id_431a3214_fk_movie_app_movie_id FOREIGN KEY (movie_id) REFERENCES public.movie_app_movie(id) DEFERRABLE INITIALLY DEFERRED;


--
-- PostgreSQL database dump complete
--

